<?xml version="1.0" encoding="utf-8"?>

<protocol>	
	<RegisterProto name="消息ID注册" desc="注册命令">
		<ReqLoginLogicID name="逻辑ID" value="1" desc="测试消息">
			<member name="Register" value="1" proto="ReqServerInfo" desc="请求ip"/>
            <member name="Register" value="2" proto="ReqVerifyServer" desc="请求连接服务器"/>
            <member name="Register" value="3" proto="ReqHeartBeat" desc="请求心跳"/>
		</ReqLoginLogicID>
		<AckLoginLogicID name="逻辑ID" value="2" desc="注册登录类返回">
            <member name="Register" value="1" proto="AckVerifyServer" desc="服务器验证返回"/>
            <member name="Register" value="2" proto="AckUpdateServerInfo" desc="更新服务器信息"/>
            <member name="Register" value="3" proto="AckRespServerInfo" desc="回应服务器消息"/>
            <member name="Register" value="4" proto="AckNotifyMe" desc="通知启动服"/>
            <member name="Register" value="5" proto="AckHeartBeat" desc="回应心跳"/>
		</AckLoginLogicID>
	</RegisterProto>
</protocol>

